uuid,source,orig_id,lat,lon,hour,heading,place,sidewalk_pct
f8c1badf-9058-4ac7-838c-fc5d724c98bb,Mapillary,780859865912793,1.2999444398833615,103.80061447620392,14,90.0,residential_neighborhood,0.009038114486061732
dee05105-3feb-4377-855c-46ee7a41b208,Mapillary,867997107118044,1.2969840415062492,103.7998366355896,14,295.27293389567,hospital,0.049803114372650795
b97948c7-a7af-4ff8-ba97-9f8fbf07897e,Mapillary,496229264853370,1.3008561560761365,103.80037307739258,15,31.589052384373,hospital,0.02451925671862963
144424e9-857e-440b-a4bc-fd979a4be00d,Mapillary,666863544123797,1.304358215798544,103.80166590213776,11,97.854079310729,residential_neighborhood,0.008597939059702155
6c3b1555-4464-42ec-8d2a-7d527529f922,Mapillary,1524548114414223,1.3008293408987015,103.80076467990877,15,301.49820430387,campus,0.015197882940819916
1e7a40c0-41a9-470a-a1bb-70fab7c33184,Mapillary,475926853465723,1.2966247175543373,103.79966497421265,14,295.29210456122,amphitheater,0.16553371861168048
7ca24602-9136-42d9-9fa9-9f01be492e41,Mapillary,946594496118079,1.298260445579487,103.8002872467041,14,283.74938263403,hospital,0.04332990901085999
2bf39502-b160-452a-86d1-eaae4420cafd,Mapillary,539613937053254,1.2991614363020716,103.8024491071701,14,45.315839225017,industrial_area,0.14536829123284575
4df38ad6-20d2-418a-862a-d2ce1356638c,Mapillary,1808440786001390,1.3030925408710343,103.80132794380188,15,279.32430187458,picnic_area,0.026247648887181507
bad323b4-8e47-4577-bed1-ccae403180f4,Mapillary,3858954850862060,1.3015050832832458,103.80133330821992,7,198.3666,parking_lot,0.004501823342421887
a574e29f-bc2a-43fd-8944-93f6726c1b66,Mapillary,1754479088078077,1.301660611266783,103.80105435848236,15,278.79774689222,playground,0.030175515043422745
633c006b-2056-4287-bdd4-85e798ebd094,Mapillary,178057404196798,1.297230741503384,103.79994928836824,14,293.37019872536,industrial_area,0.037238644468245194
508f39d3-7f3c-493f-a9e1-c115e7687393,Mapillary,1290376121360470,1.2990756276756628,103.8028246164322,14,123.29358377439,parking_lot,7.3123468977368285e-06
f0da59d9-d350-46b4-84dd-be49ea038054,Mapillary,460284825075150,1.2999444398833615,103.80061984062196,14,116.57281625076,parking_lot,0.011302163833075734
9822b26c-103d-4afd-a142-6f72a435438e,Mapillary,135856821905700,1.2999283507711112,103.80061447620392,14,287.47057714823,residential_neighborhood,0.0008963522148494865
57b8b0c4-0a68-4fa5-bd0f-7bcc2d48febf,Mapillary,244923377413483,1.3007757105429647,103.80068957805634,15,325.44681903952,campus,0.0992370762601622
ce11e9cb-2dfe-40a3-9e13-f4e32e3fbe91,Mapillary,743064673034025,1.300791799649815,103.80071640014648,15,319.79829885246,campus,0.06939465441688462
17d50c04-4584-4424-933c-d56b52db6f40,Mapillary,1203275976776462,1.2992901492361997,103.80230963230132,14,41.682845368493,pavilion,0.07686757035457557
cabdd3be-7e50-444f-abc2-ad0e5bc621fb,Mapillary,312223923679841,1.2994027730482005,103.80052864551544,14,278.58647358063,pavilion,0.013983758255071236
b4a10497-d00f-4207-a29e-7c0578a4fdfc,Mapillary,265390965363550,1.3013066510144995,103.79984736442566,15,39.69139504164,hospital,0.04960441443257408
75983f6e-ac95-42ea-b989-db2c7668a699,Mapillary,1456915224690995,1.2966247175543373,103.79996001720428,14,202.1044082190736,park,0.00904207513156596
dd1baffd-c522-46e6-b669-0323a02945ac,Mapillary,1434438393615103,1.3040900643839848,103.80150496959686,12,270.752512787,field_road,0.008893819040102816
595b2d35-871a-4b0d-9895-149b5daf72d1,Mapillary,133875878778378,1.2993705948167218,103.8030070066452,14,308.69022270836,lawn,0.039460605822032396
46c12d54-5440-4e03-8a30-8c58f58b8d2e,Mapillary,998565077553279,1.2999444398833615,103.80061984062196,14,134.99261997748,parking_lot,0.01357897791264404
4801a5d5-a895-4dc5-a8a0-bb78d3e22728,Mapillary,1072396856587903,1.2977402305517671,103.80014777183531,14,287.1011721496,office_building,0.03977165976481368
4facd764-58c6-4220-bc6c-d45ba3a0d3f7,Mapillary,220297932866158,1.2999980702567484,103.80065202713013,14,303.65559070344,picnic_area,0.008865000184073924
91ae3c5a-96eb-44b7-8261-3473a920ee84,Mapillary,466788777726985,1.2998425421707651,103.8016551733017,14,42.739729063009,playground,0.12086458637210935
1b5058c2-c5e6-4b8b-b24b-f5c233cd9bd0,Mapillary,472388890661404,1.2978743066000789,103.80019068717957,14,285.56372932044,hospital,0.03577142602004748
9122e8b8-0302-4fa8-b72a-c95f483f22a8,Mapillary,1174890673026433,1.2991024428717282,103.80250811576845,14,44.75305039653,ticket_booth,0.1309496890196478
199926bb-39c4-4c3e-b1bb-a14600ddb766,Mapillary,1212238402540552,1.3007596214360149,103.80065739154816,15,338.14059819092,residential_neighborhood,0.04534271259269527
ab80b6b3-cc6d-4a34-a95a-87f00270fb7f,Mapillary,177241874310938,1.3007596214360149,103.80057692527772,15,5.9505638134833,lawn,0.02243637382585495
52fb6f67-22c5-4534-8e44-095df7e83b29,Mapillary,462150171549971,1.3021754624541018,103.8011509180069,15,280.94098358554,campus,0.028418120058797822
cd92b845-89a3-430c-a42c-5e75631499b6,Mapillary,912851892781502,1.29760615449635,103.80009949207306,14,288.95263375572,playground,0.032721723043100615
543b2645-b62d-4f4f-85d8-58074446299f,Mapillary,816914669254443,1.2968606914986651,103.79977762699129,14,295.43763040382,campus,0.0029869201203706463
3cf7b8ec-cd40-4e92-92fb-11273e4afe47,Mapillary,297109051916063,1.2973540914929345,103.80000293254852,14,292.06457400104,industrial_area,0.037122118412071664
80ba8925-ad0b-4c95-b51c-ba622e0d673c,Mapillary,304678004607800,1.3017678719394752,103.80107045173644,15,280.14441765015,playground,0.04212259509599838
c5b735a9-76e8-416d-9f88-2b52cc0e48a0,Mapillary,521350535670207,1.304256318264379,103.80151033401488,12,271.69386180933,field_road,0.009804255733554073
eeb7ca33-28cb-493e-a095-62bde50043e0,Mapillary,474108430476741,1.2980030195997614,103.80022287368774,14,283.97161423397,campus,0.03150435251028786
bf2ea589-5dfb-46b9-a913-77b6367d65c1,Mapillary,1002910853907043,1.2964584631712768,103.7998902797699,14,203.0015371839884,construction_site,0.00748958988413651
73e329d7-50c1-428b-8a3b-a0bb3f665a9b,Mapillary,475265553678127,1.299939076845945,103.80061447620392,14,134.99262891403,parking_lot,0.009804379174722341
e05db5b6-9424-4e71-b4bb-96c39fafd30b,Mapillary,227085016096553,1.2967963349705656,103.80002439022064,14,197.70127211389536,office_building,0.0027381197898223917
c264b9ba-e955-4ef6-b64f-0199317577b1,Mapillary,313661546834364,1.3008078887565375,103.800448179245,15,25.724140792572,campus,0.025170091487296715
d4a3f784-7b68-4a18-af4b-f293444c6e8c,Mapillary,497465581453925,1.2999444398833615,103.80061447620392,14,134.9926288261,parking_lot,0.009461184788304145
c0d12fad-9d9f-453c-b804-1dd1f1113302,Mapillary,3300409603395674,1.2971073915078222,103.7998902797699,14,294.72473437792,parking_garage,0.04097407180607098
282017c7-476a-41db-8df3-800b7487ea32,Mapillary,668901077414140,1.3039023583767886,103.80164444446564,14,186.3967438046737,park,0.014252207912450356
2b6f5142-e669-4aba-84f5-c04b4eac11b0,Mapillary,762511154440832,1.301547987555523,103.80103826522829,15,277.77102811029,park,0.007851041564640929
8781dd82-98b2-4cb9-9bdb-c1b3744eaa09,Mapillary,480905486558942,1.2990059081645595,103.80277633666992,14,129.1097256839,manufactured_home,0.00805366154936405
d3ebafab-20b9-4bad-86d0-97eb808f15ed,Mapillary,579803472936065,1.300175050480874,103.80078077316284,7,264.8585,bus_station,0.00205635096085217
7f2b5e7c-51f3-4d0e-a02a-0591d26c089e,Mapillary,462818408617130,1.2984159737628715,103.80295872688292,18,131.15288840286416,parking_garage,0.016727749811046303
cf504619-67dd-4bd9-95c5-e3559e8762d6,Mapillary,1102023280289819,1.3020735648316304,103.80112946033478,15,281.50758433626,campus,0.03782680448189004
49d87853-5f2e-4868-a1c3-b262c8fe1190,Mapillary,468437154539381,1.3042884964335144,103.80167663097382,14,181.2795206162608,hunting_lodge,0.011405187912879047
8ae678f7-e173-4e99-aec9-5655b9ab00ed,Mapillary,1348234875551174,1.3014997202491685,103.80133330821992,7,195.2708,highway,0.004370709648545274
2af5faf7-921b-4a52-994d-256520a5ccdb,Mapillary,476715986934145,1.300754258400346,103.80061984062196,15,348.28614877735,lawn,0.03082469026439794
